instance,nb_generation,taille_population,taux_croisement,taux_mutation,fitness,solution,temps,gap
data/a280.tsp,600,100,0.8,0.5,30209,"0-8-135-134-148-53-271-230-277-128-213-149-112-96-186-18-268-6-147-214-150-23-101-273-226-44-84-130-192-107-119-108-144-129-26-57-55-241-51-47-231-61-36-278-82-49-169-157-269-93-75-121-14-48-67-45-66-168-211-181-245-1-209-242-233-234-253-264-272-28-64-50-59-99-97-125-19-244-156-173-110-72-109-266-170-78-124-71-247-154-187-189-246-139-259-274-116-163-179-85-102-197-164-115-77-42-165-265-232-223-103-90-39-68-159-104-252-204-137-191-267-215-2-29-133-196-151-222-11-122-210-190-37-74-178-114-279-219-174-141-91-275-236-208-160-111-73-38-218-27-256-254-167-127-143-88-83-263-199-113-105-33-239-94-12-240-229-22-257-21-5-41-158-185-224-243-193-56-260-237-15-180-198-220-54-76-251-3-79-35-152-176-89-123-81-183-25-238-258-201-126-118-9-16-227-32-136-207-92-171-40-140-142-194-60-177-221-86-235-276-52-184-98-217-250-172-228-95-261-216-145-175-162-182-146-65-24-7-87-4-270-249-120-212-161-262-225-10-20-255-138-206-13-132-188-202-69-17-155-63-62-70-117-58-31-205-43-80-100-30-153-46-106-166-195-203-248-131-34-200",0.0184546,1071.35
data/berlin52.tsp,600,100,0.8,0.5,20435,"0-9-32-42-7-40-8-47-3-31-44-34-4-21-37-39-15-6-1-30-19-50-26-45-36-10-51-13-5-17-18-41-20-2-43-14-23-12-49-33-22-11-25-46-24-27-48-35-16-29-28-38",0.0028547,170.949
data/eil76.tsp,600,100,0.8,0.5,2020,"0-24-31-44-36-32-11-49-43-21-41-71-8-23-34-70-53-14-19-69-73-72-63-42-22-67-25-33-74-38-57-40-50-15-45-56-28-26-35-27-58-7-47-64-16-62-5-9-52-18-39-13-20-60-68-17-3-2-75-66-4-46-65-37-54-59-1-29-48-30-10-55-61-6-12-51",0.00375869,275.465
data/kroA100.tsp,600,100,0.8,0.5,126648,"0-22-21-15-91-20-29-81-2-75-99-40-71-76-89-19-31-93-27-8-25-78-64-48-72-67-97-69-82-32-83-79-26-24-1-77-13-60-86-51-85-49-66-6-45-54-33-47-39-28-11-80-65-18-55-50-43-34-68-63-12-95-52-5-30-62-90-74-3-59-16-7-92-46-57-14-73-44-87-96-9-58-35-98-10-23-17-88-56-36-61-42-4-70-94-38-41-84-53-37",0.00477044,495.094
